{"IcoMoonType":"selection","icons":[{"icon":{"paths":["M475.802 663.040l36.198 36.198 289.638-289.638-72.397-72.397-217.242 217.19-217.242-217.19-72.397 72.397z"],"attrs":[],"isMulticolor":false,"isMulticolor2":false,"tags":["cheveron-down"],"grid":20},"attrs":[],"properties":{"id":76,"order":4,"prevSize":20,"code":59648,"name":"cheveron-down"},"setIdx":0,"setId":3,"iconIdx":75},{"icon":{"paths":["M360.96 475.802l-36.198 36.198 289.638 289.638 72.397-72.397-217.19-217.242 217.19-217.242-72.397-72.397z"],"attrs":[],"isMulticolor":false,"isMulticolor2":false,"tags":["cheveron-left"],"grid":20},"attrs":[],"properties":{"id":77,"order":5,"prevSize":20,"code":59649,"name":"cheveron-left"},"setIdx":0,"setId":3,"iconIdx":76},{"icon":{"paths":["M663.040 548.198l36.198-36.198-289.638-289.638-72.397 72.397 217.19 217.242-217.19 217.242 72.397 72.397 253.44-253.44z"],"attrs":[],"isMulticolor":false,"isMulticolor2":false,"tags":["cheveron-right"],"grid":20},"attrs":[],"properties":{"id":82,"order":6,"prevSize":20,"code":59650,"name":"cheveron-right"},"setIdx":0,"setId":3,"iconIdx":81},{"icon":{"paths":["M548.198 360.96l-36.198-36.198-289.638 289.638 72.397 72.397 217.242-217.19 217.242 217.19 72.397-72.397z"],"attrs":[],"isMulticolor":false,"isMulticolor2":false,"tags":["cheveron-up"],"grid":20},"attrs":[],"properties":{"id":83,"order":7,"prevSize":20,"code":59651,"name":"cheveron-up"},"setIdx":0,"setId":3,"iconIdx":82},{"icon":{"paths":["M35.84 476.16l245.76-245.76 71.68 72.704-207.872 208.896 208.384 208.384-72.192 72.704-281.6-281.088 35.84-35.84zM988.16 547.84l35.84-35.84-281.088-281.088-71.68 72.704 207.36 208.384-208.384 208.384 72.192 72.704 244.736-244.736z"],"attrs":[],"isMulticolor":false,"isMulticolor2":false,"tags":["code"],"grid":20},"attrs":[],"properties":{"id":90,"order":8,"prevSize":20,"code":59652,"name":"code"},"setIdx":0,"setId":3,"iconIdx":89},{"icon":{"paths":["M51.2 204.8h102.4v102.4h-102.4v-102.4zM256 204.8h716.8v102.4h-716.8v-102.4zM51.2 460.8h102.4v102.4h-102.4v-102.4zM256 460.8h716.8v102.4h-716.8v-102.4zM51.2 716.8h102.4v102.4h-102.4v-102.4zM256 716.8h716.8v102.4h-716.8v-102.4z"],"attrs":[],"isMulticolor":false,"isMulticolor2":false,"tags":["list-bullet"],"grid":20},"attrs":[],"properties":{"id":162,"order":9,"prevSize":20,"code":59653,"name":"list-bullet"},"setIdx":0,"setId":3,"iconIdx":161},{"icon":{"paths":["M660.48 733.184c-68.622 53.712-156.164 86.131-251.277 86.131-226.216 0-409.6-183.384-409.6-409.6s183.384-409.6 409.6-409.6c226.216 0 409.6 183.384 409.6 409.6 0 95.113-32.419 182.654-86.809 252.177l0.678-0.9 273.92 272.896-72.704 72.704-272.896-273.408zM409.6 716.8c169.662 0 307.2-137.538 307.2-307.2s-137.538-307.2-307.2-307.2v0c-169.662 0-307.2 137.538-307.2 307.2s137.538 307.2 307.2 307.2v0z"],"attrs":[],"isMulticolor":false,"isMulticolor2":false,"tags":["search"],"grid":20},"attrs":[],"properties":{"id":226,"order":11,"prevSize":20,"code":59654,"name":"search"},"setIdx":0,"setId":3,"iconIdx":225}],"height":1024,"metadata":{"name":"icomoon"},"preferences":{"showGlyphs":true,"showQuickUse":true,"showQuickUse2":true,"showSVGs":true,"fontPref":{"prefix":"icon-","metadata":{"fontFamily":"icomoon"},"metrics":{"emSize":1024,"baseline":6.25,"whitespace":50},"embed":false},"imagePref":{"prefix":"icon-","png":true,"useClassSelector":true,"color":0,"bgColor":16777215,"classSelector":".icon"},"historySize":50,"showCodes":true,"gridSize":16}}